Epoch,Loss
0,0.5914357304573059
1,0.5034529566764832
2,0.49319636821746826
3,0.48372337222099304
4,0.4762932062149048
5,0.4806775152683258
6,0.4774870276451111
7,0.47191229462623596
8,0.4734252989292145
9,0.4641287326812744
